model	nDCG	ACLT	ARP	Precision	ItemCoverage	EPC	Gini
BPRMF_seed=42_e=30_bs=1_f=10_lr=0$01_bias_reg=0_u_reg=0$01_pos_i_reg=0$01_neg_i_reg=0$00025_up_neg_i_f=True_up_u=True_up_i=True_up_b=True	0.2798836016103459	817.55	12.735911111111111	0.005986666666666667	4094.0	0.006912150646978104	0.8089014002226022
MultiVAE_seed=42_e=20_bs=128_intermediate_dim=500_latent_dim=300_reg_lambda=10_lr=0$01_dropout_pkeep=0$0	0.42524726446344147	926.33	12.586143333333332	0.00672	4094.0	0.009227144309515564	0.8955741466460357
NeuMF_seed=42_e=20_bs=512_lr=0$0006216443713932542_mffactors=11_drop=0_mftrain=True_mlptrain=True_m=0	0.25511935938397906	840.6333333333333	12.712660000000001	0.005852222222222222	4092.0	0.006600546944485335	0.7586471585634009
Random_seed=42	0.17154759881762544	725.03	11.512488402399377	0.00571	4094.0	0.005272946037528973	0.9555339205195443
ItemKNN_nn=5_sim=cosine_imp=standard_bin=False_shrink=0_norm=True_asymalpha=_tvalpha=_tvbeta=_rweights=	0.6291871618104743	946.7533333333333	11.558032222222222	0.006384444444444445	4094.0	0.012287037454087728	0.7588433650948774
FunkSVD_seed=42_e=2_bs=49337_factors=10_lr=0$001_reg_w=0$1_reg_b=0$001	0.1681490978998803	1019.59	11.466197777777777	0.005577777777777778	4092.0	0.005130475013579228	0.7647403833102586
