model	nDCG	ACLT	ARP	Precision	ItemCoverage	EPC	Gini
BPRMF_seed=42_e=30_bs=1_f=10_lr=0$0005_bias_reg=0_u_reg=0$005_pos_i_reg=0$01_neg_i_reg=0$001_up_neg_i_f=True_up_u=True_up_i=True_up_b=True	0.26101423356751824	979.6733333333333	12.508423333333331	0.00602	4094.0	0.00674632229015607	0.9360245177403153
BPRMF_seed=42_e=30_bs=1_f=10_lr=0$005_bias_reg=0_u_reg=0$01_pos_i_reg=0$005_neg_i_reg=0$0005_up_neg_i_f=True_up_u=True_up_i=True_up_b=True	0.26031359461592934	806.0766666666667	12.751394444444443	0.005849999999999999	4094.0	0.006616467626214881	0.7899193750848331
BPRMF_seed=42_e=30_bs=1_f=10_lr=0$01_bias_reg=0_u_reg=0$01_pos_i_reg=0$01_neg_i_reg=0$00025_up_neg_i_f=True_up_u=True_up_i=True_up_b=True	0.2798836016103459	817.55	12.735911111111111	0.005986666666666667	4094.0	0.006912150646978104	0.8089014002226022
BPRMF_seed=42_e=30_bs=1_f=10_lr=0$0005_bias_reg=0_u_reg=0$0025_pos_i_reg=0$005_neg_i_reg=0$001_up_neg_i_f=True_up_u=True_up_i=True_up_b=True	0.2610378905813723	979.7466666666667	12.50801222222222	0.00601888888888889	4094.0	0.006745488060926547	0.9360864929283056
