model	nDCG	ACLT	ARP	Precision	ItemCoverage	EPC	Gini
NeuMF_seed=42_e=20_bs=512_lr=0$0006216443713932542_mffactors=11_drop=0_mftrain=True_mlptrain=True_m=0	0.25511935938397906	840.6333333333333	12.712660000000001	0.005852222222222222	4092.0	0.006600546944485335	0.7586471585634009
NeuMF_seed=42_e=20_bs=128_lr=0$003917899061266073_mffactors=24_drop=0_mftrain=True_mlptrain=True_m=0	0.18961790012835997	960.4566666666667	11.94379888888889	0.005757777777777778	4093.0	0.0053793016380642815	0.7959518152944048
